{
	"country": [
		{			
			"name": "Vietnam",
			"alpha_2_code": "AA",
			"alpha_3_code": "HSR",
			"iso_code": "456",
			"calling_code": "723",
			"preferred_timezone_fk": "1",
			"country_detail": 
			{
				
				"capital": "Hanoi",
				"region": "DNA",
				"sub_region": "DNA"
			}
		}
	],
	"timezone": [
		{		
			"abbreviation": "b156",
			"name": "Vietnam",
			"utc_offset": "H768",
			"isdst": "1"
		}
	],
	"area_codes": [
		{		
			"code": "V700000",
			"name": "Vietnam",
			"country_fk": "1"
		}
	]
}