<?xml version="1.0" encoding="UTF-8"?>
<configuration>
    <!-- Send debug messages to System.out -->
    <appender name="STDOUT" class="ch.qos.logback.core.ConsoleAppender">
        <encoder>
            <pattern>%d{HH:mm:ss.SSS} [%thread] %-5level %logger{5} - %msg%n</pattern>
        </encoder>
    </appender>
    <logger name="com.nxsang.countrycarrier" level="INFO" additivity="false">
            <appender-ref ref="STDOUT" />
    </logger>
    <logger name="org.springframework.web" level="DEBUG" >
    	<appender-ref ref="STDOUT" />
    </logger>
    <root level="DEBUG">
        <appender-ref ref="STDOUT" />
    </root>
</configuration>